{
  "resources": [
    {
      "id": 101,
      "name": "Ballantyne Families Helping Neighbors in Need",
      "category": "Family Services",
      "description": "Ballantyne Families provides food assistance to struggling families who attend or work in the Ballantyne area public schools through seasonal giving events and a food pantry.",
      "quote": "“Because of your generous support, I was able to provide for my boys as a single mom.” – CMS teacher and Ballantyne Families recipient",
      "website": "https://ballantynefamilies.org/"
    },
    {
      "id": 102,
      "name": "Benevolent Bridges",
      "category": "Crisis Support",
      "description": "Benevolent Bridges is an organization that provides assistance to the homeless through a comprehensive approach to restoring dignity, promoting health, and fostering a sense of community connection for those experiencing homelessness.",
      "quote": "“Creating a sustainable impact, fostering hope and connection within the community.” - Benevolent Bridges Motto."
    },
    {
      "id": 103,
      "name": "Crisis Assistance Ministry",
      "category": "Crisis Support",
      "description": "The mission of Crisis Assistance Ministry is to provide assistance and advocacy for people in financial crisis, helping them move toward self-sufficiency. They offer emergency rent assistance, free essential items and long-term financial coaching.",
      "quote": "“Help, Hope & Understanding, for people struggling with limited financial resources”"
    },
    {
      "id": 104,
      "name": "Second Harvest Food Bank of Metrolina",
      "category": "Basic Needs Assistance",
      "description": "The Second Harvest Food Bank of Metrolina provides quality food and grocery items to assist people in need in Charlotte and surrounding counties.",
      "quote": "“Together we CAN end hunger”"
    },
    {
      "id": 105,
      "name": "LIFESPAN Services",
      "category": "Disability Support",
      "description": "LIFESPAN Services help to make the abilities of children and adults shine by providing education, employment, and enrichment opportunities to live, work and play in their communities throughout their life. They spend each day supporting people of all ages and abilities, guiding them toward moments of everyday joy and the simple experiences that make life meaningful.",
      "quote": "“Our mission, and our passion, is to illuminate the abilities of children and adults with disabilities by providing education, employment, and enrichment opportunities to live, work, and play in their communities throughout their lifetimes.”"
    },
    {
      "id": 106,
      "name": "Healthy Charlotte Alliance",
      "category": "Health Support",
      "description": "Healthy Charlotte Alliance was founded by physicians with a desire to support a healthier Charlotte. They achieve this mission through health education, engaging volunteers, and financial investments in proven-effective health programs.",
      "quote": "“Our Mission is to improve the health and quality of life for all people of Mecklenburg County.” - Healthy Charlotte Alliance"
    },
    {
      "id": 107,
      "name": "Families Forward Charlotte",
      "category": "Family Services",
      "description": "Supporting families with basic needs, education, and long-term stability.",
      "website": "https://familiesforwardcharlotte.org/"
    },
    {
      "id": 108,
      "name": "RAIN",
      "category": "Health Support",
      "description": "RAIN has supported thousands in the Charlotte community and is known for being reliable, caring, and committed. They work with clients to get medical care and medications they need, offer emergency help with rent, utilities and food, and support underprivileged people with other challenges that affect their health and stability.",
      "quote": "“RAIN empowers people living with HIV and those at risk to be healthy and stigma free.”"
    },
    {
      "id": 109,
      "name": "Hospitality House of Charlotte",
      "category": "Health Support",
      "description": "Hospitality House of Charlotte provides affordable housing and a supportive community for patients and families who must travel to Charlotte for critical medical care. It also offers a safe, comfortable place to stay so families can focus on healing rather than housing.",
      "quote": "“We have utilized the services of Hospitality House several times during our journey. We appreciate the services of the many volunteer groups who provide meals” - Michael (House Guest)"
    },
    {
      "id": 110,
      "name": "NAMI Family & Friends",
      "category": "Health Support",
      "description": "NAMI Family & Friends is a free 90-minute or four-hour seminar that informs people who have loved ones with a mental health condition how to best support them. It’s also an opportunity to meet other people in similar situations and gain community support.",
      "quote": "“I have a better understanding of how mental illness impacts the person affected…it was nice to hear the stories of the instructors and their paths. The handbook (eBook) given has a lot of helpful information which I did not know about.” - Attendee of seminar"
    },
    {
      "id": 111,
      "name": "MYEP",
      "category": "Employment & Job Training",
      "description": "Provides paid work experiences to help high-school aged teens to develop career goals, stay in school, achieve academically, and develop social skills needed to succeed in work and life.",
      "quote": "“Our mission is to make sure every young person has the support and opportunities they need to succeed today and build a brighter future.”"
    },
    {
      "id": 112,
      "name": "Nevins Inc.",
      "category": "Disability Support",
      "description": "Nevins supports individuals in Mecklenburg county with developmental disabilities such as Intellectual Development Disorder and illness, epilepsy, down syndrome, cerebral palsy, traumatic brain injury, autism and learning disabilities.",
      "quote": "“Providing exceptional person-centered care to adults with intellectual and developmental disabilities since 1959.”"
    },
    {
      "id": 113,
      "name": "INREACH NC",
      "category": "Disability Support",
      "description": "InReach is a recognized leader in providing housing, employment, and community support for individuals with intellectual and developmental disabilities in Charlotte/Mecklenburg and nearby counties."
    },
    {
      "id": 114,
      "name": "Down Syndrome Association of Greater Charlotte",
      "category": "Disability Support",
      "description": "The Down Syndrome Association (DSA) of Greater Charlotte is an approved 501(c)3 non-profit, family support organization. The goal of the DSA of Greater Charlotte and its families is to enable individuals with Down syndrome (Ds) to reach their full potential and become respected members of their community.",
      "quote": "“Don’t look away because you’re uncomfortable. Comfort starts here…”"
    },
    {
      "id": 115,
      "name": "Freedom School Partners",
      "category": "Education & Learning",
      "description": "Freedom School Partners is a Charlotte area non-profit with a mission to inspire our scholars to love reading and learning, believe in themselves, and create extraordinary futures. We advocate relentlessly for our scholars by focusing on educational equity, as well as the root causes of academic achievement gaps.",
      "quote": "“Reading is at the heart of what we do because it creates a strong foundation for students. Academic strength is built on literacy, and our scholars gain the skills (and passion!) to become lifelong readers and learners.”"
    },
    {
      "id": 116,
      "name": "Lake Norman Community Health Clinic",
      "category": "Education & Learning",
      "description": "LHCC partners with dedicated volunteers and community organizations to support the entire family, offering weekly tutoring for students, skill‑building programs for parents, summer camps that help children learn and grow, and family events that promote health, connection, and overall well‑being.",
      "quote": "“To provide scholastic, spiritual and social support to equip and empower our underserved neighbors.”",
      "website": "https://www.lhcclt.org/"
    },
    {
      "id": 117,
      "name": "ALP Charlotte",
      "category": "Education & Learning",
      "website": "https://alpcharlotte.org"
    },
    {
      "id": 118,
      "name": "Urban League of Central Carolinas",
      "category": "Education & Learning",
      "website": "https://urbanleaguecc.org/"
    }
  ]
}